<?xml version="1.0"?>
<!--<!DOCTYPE metadata SYSTEM "http://www.esri.com/metadata/esriprof80.dtd">-->
<metadata xml:lang="cs"><Esri><CreaDate>20130925</CreaDate><CreaTime>15224900</CreaTime><SyncOnce>FALSE</SyncOnce><DataProperties><lineage><Process ToolSource="C:\ArcGis\ArcToolbox\Toolboxes\Data Management Tools.tbx\Dissolve" Date="20130830" Time="192139">Dissolve SPH_OBEC "D:\Documents and Settings\Lars Provarson\Desktop\mapa kriminality\shapefile pro OOP\OOP_dissolve.shp" obce_1250.OOP # MULTI_PART DISSOLVE_LINES</Process><Process ToolSource="C:\ArcGis\ArcToolbox\Toolboxes\Data Management Tools.tbx\FeatureToPolygon" Date="20130925" Time="152721">FeatureToPolygon tri_obce "D:\Documents and Settings\Lars Provarson\Desktop\mapa kriminality\shapefile pro OOP\tri_obce_FeatureToPolygon1.shp" # ATTRIBUTES #</Process><Process ToolSource="C:\ArcGis\ArcToolbox\Toolboxes\Data Management Tools.tbx\Merge" Date="20130925" Time="153319">Merge tri_obce_FeatureToPolygon1;OOP_dissolve "D:\Documents and Settings\Lars Provarson\Desktop\mapa kriminality\shapefile pro OOP\tri_obce_FeatureToPolygon1_M.shp" "FID_tri_ob 'FID_tri_ob' true true false 9 Long 0 9 ,First,#,tri_obce_FeatureToPolygon1,FID_tri_ob,-1,-1;obce_1250_ 'obce_1250_' true true false 32 Text 0 0 ,First,#,tri_obce_FeatureToPolygon1,obce_1250_,-1,-1,OOP_dissolve,obce_1250_,-1,-1"</Process><Process ToolSource="C:\ArcGis\ArcToolbox\Toolboxes\Data Management Tools.tbx\Merge" Date="20130926" Time="143800">Merge OOP_bez_MOP;brno_stsjk;ostrava_sjtsk "D:\Documents and Settings\Lars Provarson\Desktop\mapa kriminality\shapefile pro OOP\OOP_bez_MOP_Merge.shp" "FID_tri_ob 'FID_tri_ob' true true false 9 Long 0 9 ,First,#,OOP_bez_MOP,FID_tri_ob,-1,-1;obce_1250_ 'obce_1250_' true true false 32 Text 0 0 ,First,#,OOP_bez_MOP,obce_1250_,-1,-1"</Process><Process ToolSource="C:\ArcGis\ArcToolbox\Toolboxes\Data Management Tools.tbx\Merge" Date="20130926" Time="161952">Merge OOP_bez_MOP_Merge;praha "D:\Documents and Settings\Lars Provarson\Desktop\mapa kriminality\shapefile pro OOP\OOP_bez_MOP_Merge_Merge.shp" "FID_tri_ob 'FID_tri_ob' true true false 9 Long 0 9 ,First,#,OOP_bez_MOP_Merge,FID_tri_ob,-1,-1;obce_1250_ 'obce_1250_' true true false 32 Text 0 0 ,First,#,OOP_bez_MOP_Merge,obce_1250_,-1,-1"</Process><Process ToolSource="C:\ArcGis\ArcToolbox\Toolboxes\Data Management Tools.tbx\Merge" Date="20131001" Time="154336">Merge OOP_bez_MOP_Merge_Merge;MOP_plzen "D:\Documents and Settings\Lars Provarson\Desktop\mapa kriminality\shapefile pro OOP\OOP_vcetne_MOP.shp" "FID_tri_ob 'FID_tri_ob' true true false 9 Long 0 9 ,First,#,OOP_bez_MOP_Merge_Merge,FID_tri_ob,-1,-1;obce_1250_ 'obce_1250_' true true false 32 Text 0 0 ,First,#,OOP_bez_MOP_Merge_Merge,obce_1250_,-1,-1;Id 'Id' true true false 6 Long 0 6 ,First,#,MOP_plzen,Id,-1,-1;nazev 'nazev' true true false 50 Text 0 0 ,First,#,MOP_plzen,nazev,-1,-1"</Process></lineage></DataProperties><MetaID>{1ACF5AEF-D3BA-4AA9-8B56-A577DAB1FFA6}</MetaID><SyncDate>20131001</SyncDate><SyncTime>15433300</SyncTime><ModDate>20131001</ModDate><ModTime>15433300</ModTime></Esri><idinfo><citation><citeinfo><onlink Sync="TRUE">\\LARS-861FB3EE96\D$\Documents and Settings\Lars Provarson\Desktop\mapa kriminality\shapefile pro OOP\OOP_vcetne_MOP.shp</onlink><origin>REQUIRED: The name of an organization or individual that developed the data set.</origin><pubdate>REQUIRED: The date when the data set is published or otherwise made available for release.</pubdate><title Sync="TRUE">OOP_vcetne_MOP</title><ftname Sync="TRUE">OOP_vcetne_MOP</ftname><geoform Sync="TRUE">vector digital data</geoform></citeinfo></citation><native Sync="TRUE">Microsoft Windows XP Version 5.1 (Build 2600) Service Pack 3; ESRI ArcCatalog 9.3.0.1770</native><descript><langdata Sync="TRUE">cs</langdata><abstract>REQUIRED: A brief narrative summary of the data set.</abstract><purpose>REQUIRED: A summary of the intentions with which the data set was developed.</purpose></descript><timeperd><current>REQUIRED: The basis on which the time period of content information is determined.</current><timeinfo><sngdate><caldate>REQUIRED: The year (and optionally month, or month and day) for which the data set corresponds to the ground.</caldate></sngdate></timeinfo></timeperd><status><progress>REQUIRED: The state of the data set.</progress><update>REQUIRED: The frequency with which changes and additions are made to the data set after the initial data set is completed.</update></status><spdom><bounding><westbc Sync="TRUE">REQUIRED: Western-most coordinate of the limit of coverage expressed in longitude.</westbc><eastbc Sync="TRUE">REQUIRED: Eastern-most coordinate of the limit of coverage expressed in longitude.</eastbc><northbc Sync="TRUE">REQUIRED: Northern-most coordinate of the limit of coverage expressed in latitude.</northbc><southbc Sync="TRUE">REQUIRED: Southern-most coordinate of the limit of coverage expressed in latitude.</southbc></bounding></spdom><keywords><theme><themekt>REQUIRED: Reference to a formally registered thesaurus or a similar authoritative source of theme keywords.</themekt><themekey>REQUIRED: Common-use word or phrase used to describe the subject of the data set.</themekey></theme></keywords><accconst>REQUIRED: Restrictions and legal prerequisites for accessing the data set.</accconst><useconst>REQUIRED: Restrictions and legal prerequisites for using the data set after access is granted.</useconst><natvform Sync="TRUE">Shapefile</natvform></idinfo><distInfo><distributor><distorTran><onLineSrc><linkage Sync="TRUE">file://\\LARS-861FB3EE96\D$\Documents and Settings\Lars Provarson\Desktop\mapa kriminality\shapefile pro OOP\OOP_vcetne_MOP.shp</linkage><protocol Sync="TRUE">Local Area Network</protocol><orDesc Sync="TRUE">002</orDesc></onLineSrc><transSize Sync="TRUE">0,000</transSize></distorTran><distorFormat><formatName Sync="TRUE">Shapefile</formatName></distorFormat></distributor></distInfo><dataqual><lineage><procstep><procdesc Sync="TRUE">Dataset copied.</procdesc><srcused Sync="TRUE"></srcused><procdate Sync="TRUE">20130925</procdate><proctime Sync="TRUE">15224900</proctime></procstep></lineage></dataqual><dataIdInfo><envirDesc Sync="TRUE">Microsoft Windows XP Version 5.1 (Build 2600) Service Pack 3; ESRI ArcCatalog 9.3.0.1770</envirDesc><dataLang><languageCode Sync="TRUE" value="cs"></languageCode></dataLang><idCitation><resTitle Sync="TRUE">OOP_vcetne_MOP</resTitle><presForm><PresFormCd Sync="TRUE" value="005"></PresFormCd></presForm></idCitation><spatRpType><SpatRepTypCd Sync="TRUE" value="001"></SpatRepTypCd></spatRpType></dataIdInfo><metainfo><langmeta Sync="TRUE">cs</langmeta><metstdn Sync="TRUE">FGDC Content Standards for Digital Geospatial Metadata</metstdn><metstdv Sync="TRUE">FGDC-STD-001-1998</metstdv><mettc Sync="TRUE">local time</mettc><metc><cntinfo><cntorgp><cntper>REQUIRED: The person responsible for the metadata information.</cntper><cntorg>REQUIRED: The organization responsible for the metadata information.</cntorg></cntorgp><cntaddr><addrtype>REQUIRED: The mailing and/or physical address for the organization or individual.</addrtype><city>REQUIRED: The city of the address.</city><state>REQUIRED: The state or province of the address.</state><postal>REQUIRED: The ZIP or other postal code of the address.</postal></cntaddr><cntvoice>REQUIRED: The telephone number by which individuals can speak to the organization or individual.</cntvoice></cntinfo></metc><metd Sync="TRUE">20131001</metd><metextns><onlink Sync="TRUE">http://www.esri.com/metadata/esriprof80.html</onlink><metprof Sync="TRUE">ESRI Metadata Profile</metprof></metextns></metainfo><mdLang><languageCode Sync="TRUE" value="cs"></languageCode></mdLang><mdStanName Sync="TRUE">ISO 19115 Geographic Information - Metadata</mdStanName><mdStanVer Sync="TRUE">DIS_ESRI1.0</mdStanVer><mdChar><CharSetCd Sync="TRUE" value="004"></CharSetCd></mdChar><mdHrLv><ScopeCd Sync="TRUE" value="005"></ScopeCd></mdHrLv><mdHrLvName Sync="TRUE">dataset</mdHrLvName><distinfo><resdesc Sync="TRUE">Downloadable Data</resdesc><stdorder><digform><digtinfo><transize Sync="TRUE">0,000</transize><dssize Sync="TRUE">0,000</dssize></digtinfo></digform></stdorder></distinfo><spdoinfo><direct Sync="TRUE">Vector</direct><ptvctinf><esriterm Name="OOP_vcetne_MOP"><efeatyp Sync="TRUE">Simple</efeatyp><efeageom Sync="TRUE">Polygon</efeageom><esritopo Sync="TRUE">FALSE</esritopo><efeacnt Sync="TRUE">0</efeacnt><spindex Sync="TRUE">FALSE</spindex><linrefer Sync="TRUE">FALSE</linrefer></esriterm><sdtsterm Name="OOP_vcetne_MOP"><sdtstype Sync="TRUE">G-polygon</sdtstype><ptvctcnt Sync="TRUE">0</ptvctcnt></sdtsterm></ptvctinf></spdoinfo><spref><horizsys><cordsysn><geogcsn Sync="TRUE">GCS_S_JTSK</geogcsn><projcsn Sync="TRUE">S-JTSK_Krovak_East_North</projcsn></cordsysn><planar><planci><plance Sync="TRUE">coordinate pair</plance><plandu Sync="TRUE">meters</plandu><coordrep><absres Sync="TRUE">0.000000</absres><ordres Sync="TRUE">0.000000</ordres></coordrep></planci><mapproj><mapprojn Sync="TRUE">Krovak</mapprojn><mapprojp><stdparll Sync="TRUE">0.000000</stdparll><longcm Sync="TRUE">24.833333</longcm><latprjo Sync="TRUE">49.500000</latprjo><feast Sync="TRUE">0.000000</feast><fnorth Sync="TRUE">0.000000</fnorth></mapprojp></mapproj></planar><geodetic><horizdn Sync="TRUE">D_S_JTSK</horizdn><ellips Sync="TRUE">Bessel_1841</ellips><semiaxis Sync="TRUE">6377397.155000</semiaxis><denflat Sync="TRUE">299.152813</denflat></geodetic></horizsys></spref><refSysInfo><RefSystem><refSysID><identCode Sync="TRUE">S-JTSK_Krovak_East_North</identCode></refSysID></RefSystem></refSysInfo><spatRepInfo><VectSpatRep><topLvl><TopoLevCd Sync="TRUE" value="001"></TopoLevCd></topLvl><geometObjs Name="OOP_vcetne_MOP"><geoObjTyp><GeoObjTypCd Sync="TRUE" value="001"></GeoObjTypCd></geoObjTyp><geoObjCnt Sync="TRUE">0</geoObjCnt></geometObjs></VectSpatRep></spatRepInfo><eainfo><detailed Name="OOP_vcetne_MOP"><enttyp><enttypl Sync="TRUE">OOP_vcetne_MOP</enttypl><enttypt Sync="TRUE">Feature Class</enttypt><enttypc Sync="TRUE">0</enttypc></enttyp><attr><attrlabl Sync="TRUE">FID</attrlabl><attalias Sync="TRUE">FID</attalias><attrtype Sync="TRUE">OID</attrtype><attwidth Sync="TRUE">4</attwidth><atprecis Sync="TRUE">0</atprecis><attscale Sync="TRUE">0</attscale><attrdef Sync="TRUE">Internal feature number.</attrdef><attrdefs Sync="TRUE">ESRI</attrdefs><attrdomv><udom Sync="TRUE">Sequential unique whole numbers that are automatically generated.</udom></attrdomv></attr><attr><attrlabl Sync="TRUE">Shape</attrlabl><attalias Sync="TRUE">Shape</attalias><attrtype Sync="TRUE">Geometry</attrtype><attwidth Sync="TRUE">0</attwidth><atprecis Sync="TRUE">0</atprecis><attscale Sync="TRUE">0</attscale><attrdef Sync="TRUE">Feature geometry.</attrdef><attrdefs Sync="TRUE">ESRI</attrdefs><attrdomv><udom Sync="TRUE">Coordinates defining the features.</udom></attrdomv></attr><attr><attrlabl Sync="TRUE">FID_tri_ob</attrlabl><attalias Sync="TRUE">FID_tri_ob</attalias><attrtype Sync="TRUE">Number</attrtype><attwidth Sync="TRUE">9</attwidth></attr><attr><attrlabl Sync="TRUE">obce_1250_</attrlabl><attalias Sync="TRUE">obce_1250_</attalias><attrtype Sync="TRUE">String</attrtype><attwidth Sync="TRUE">32</attwidth></attr><attr><attrlabl Sync="TRUE">Id</attrlabl><attalias Sync="TRUE">Id</attalias><attrtype Sync="TRUE">Number</attrtype><attwidth Sync="TRUE">6</attwidth></attr><attr><attrlabl Sync="TRUE">nazev</attrlabl><attalias Sync="TRUE">nazev</attalias><attrtype Sync="TRUE">String</attrtype><attwidth Sync="TRUE">50</attwidth></attr></detailed></eainfo><mdDateSt Sync="TRUE">20131001</mdDateSt></metadata>
